model_name,feature_name,importance,importance_type,rank
GradientBoostingRegressor,lag_1h,0.5835036608222374,feature_importances_,1
GradientBoostingRegressor,ramp_rate_24h,0.03016729623286199,feature_importances_,2
GradientBoostingRegressor,diff_24h,0.029543369209644836,feature_importances_,3
GradientBoostingRegressor,diff_1h,0.02876226317711526,feature_importances_,4
GradientBoostingRegressor,same_hour_2weeks_ago,0.026616071161111348,feature_importances_,5
GradientBoostingRegressor,same_hour_last_week_x_business_hour,0.02572937251691383,feature_importances_,6
GradientBoostingRegressor,ramp_rate_1h,0.025332891117598445,feature_importances_,7
GradientBoostingRegressor,lag_336h,0.024504100322664382,feature_importances_,8
GradientBoostingRegressor,lag_168h,0.02446489876712124,feature_importances_,9
GradientBoostingRegressor,lag_12h,0.020047816356382888,feature_importances_,10
GradientBoostingRegressor,same_hour_last_week,0.018115591657561714,feature_importances_,11
GradientBoostingRegressor,diff_3h,0.01563666098124812,feature_importances_,12
GradientBoostingRegressor,ratio_lag_1h_to_24h,0.01300833140162418,feature_importances_,13
GradientBoostingRegressor,lag_24h,0.012895615185029711,feature_importances_,14
GradientBoostingRegressor,lag_1h_normalized_by_train_mean,0.012487900997532253,feature_importances_,15
GradientBoostingRegressor,lag_144h,0.01092551319960318,feature_importances_,16
GradientBoostingRegressor,hour_x_weekend,0.008384144145204294,feature_importances_,17
GradientBoostingRegressor,same_hour_yesterday,0.00836576032142952,feature_importances_,18
GradientBoostingRegressor,rolling_range_24h,0.006811586083167687,feature_importances_,19
GradientBoostingRegressor,lag_168h_x_weekend,0.005976232735973325,feature_importances_,20
GradientBoostingRegressor,lag_6h,0.004822943568119288,feature_importances_,21
GradientBoostingRegressor,hour,0.004540633393032795,feature_importances_,22
GradientBoostingRegressor,rolling_std_6h,0.0044748968131307675,feature_importances_,23
GradientBoostingRegressor,was_missing_hour,0.0040399333668633885,feature_importances_,24
GradientBoostingRegressor,ewm_mean_24h,0.0040331422185273975,feature_importances_,25
GradientBoostingRegressor,ratio_lag_1h_to_rolling_mean_24h,0.0037765251144888786,feature_importances_,26
GradientBoostingRegressor,rolling_mean_168h_normalized_by_train_mean,0.0033420178655761998,feature_importances_,27
GradientBoostingRegressor,abs_diff_24h,0.003324776259313732,feature_importances_,28
GradientBoostingRegressor,ewm_mean_168h,0.0026455061510358927,feature_importances_,29
GradientBoostingRegressor,lag_120h,0.002494071405259935,feature_importances_,30
GradientBoostingRegressor,hour_cos,0.00228169565289327,feature_importances_,31
GradientBoostingRegressor,lag_96h,0.0020338365659359134,feature_importances_,32
GradientBoostingRegressor,abs_diff_1h,0.0017164571492616274,feature_importances_,33
GradientBoostingRegressor,lag_72h,0.0016349379618944009,feature_importances_,34
GradientBoostingRegressor,lag_168h_normalized_by_train_mean,0.0013794058683176493,feature_importances_,35
GradientBoostingRegressor,lag_24h_normalized_by_train_mean,0.001375569400220525,feature_importances_,36
GradientBoostingRegressor,rolling_mean_24h_x_business_hour,0.001268248719137473,feature_importances_,37
GradientBoostingRegressor,day_of_week_cos,0.0011889086220550674,feature_importances_,38
GradientBoostingRegressor,ewm_mean_6h,0.0010866547360487157,feature_importances_,39
GradientBoostingRegressor,lag_48h,0.0009505069940539878,feature_importances_,40
GradientBoostingRegressor,hour_sin,0.000897959634419111,feature_importances_,41
GradientBoostingRegressor,same_hour_2days_ago,0.0008579470242087316,feature_importances_,42
GradientBoostingRegressor,same_hour_3days_ago,0.0008381172785582562,feature_importances_,43
GradientBoostingRegressor,rolling_mean_24h_normalized_by_train_mean,0.0008218789847605608,feature_importances_,44
GradientBoostingRegressor,rolling_max_24h,0.0007672554829922493,feature_importances_,45
GradientBoostingRegressor,rolling_max_336h,0.0007071765684010194,feature_importances_,46
GradientBoostingRegressor,rolling_q75_168h,0.0006923389092213473,feature_importances_,47
GradientBoostingRegressor,rolling_mean_24h,0.0005760222309058054,feature_importances_,48
GradientBoostingRegressor,site_id_encoded,0.0005324876249526137,feature_importances_,49
GradientBoostingRegressor,rolling_std_24h,0.0005148170191919983,feature_importances_,50
GradientBoostingRegressor,rolling_max_168h,0.00046197146127633244,feature_importances_,51
GradientBoostingRegressor,recent_peak_168h_count,0.0004602631937355854,feature_importances_,52
GradientBoostingRegressor,rolling_q95_24h,0.0004422555470177035,feature_importances_,53
GradientBoostingRegressor,rolling_mean_72h,0.00041394819378828585,feature_importances_,54
GradientBoostingRegressor,rolling_mean_168h,0.0004096836482485311,feature_importances_,55
GradientBoostingRegressor,diff_168h,0.0003969599633757774,feature_importances_,56
GradientBoostingRegressor,hour_x_business_hour,0.00038750683810914407,feature_importances_,57
GradientBoostingRegressor,ratio_lag_24h_to_168h,0.00038559003763397433,feature_importances_,58
GradientBoostingRegressor,lag_2h,0.00036047857685214186,feature_importances_,59
GradientBoostingRegressor,rolling_mean_336h,0.0003398511930199072,feature_importances_,60
GradientBoostingRegressor,rolling_range_168h,0.0003126477278035499,feature_importances_,61
GradientBoostingRegressor,missing_hour_rolling_count_168h,0.00031057214140309047,feature_importances_,62
GradientBoostingRegressor,rolling_q75_24h,0.00030087509696064387,feature_importances_,63
GradientBoostingRegressor,missing_hour_lag_1h,0.00027853578885061206,feature_importances_,64
GradientBoostingRegressor,hours_since_recent_peak_90,0.00025468889248919294,feature_importances_,65
GradientBoostingRegressor,day_of_month,0.0002494967676704301,feature_importances_,66
GradientBoostingRegressor,day_of_year,0.00023118935272870383,feature_importances_,67
GradientBoostingRegressor,same_hour_yesterday_ratio_last_week,0.0002215056510450719,feature_importances_,68
GradientBoostingRegressor,rolling_mean_3h,0.0002204478971601993,feature_importances_,69
GradientBoostingRegressor,rolling_q90_24h,0.00021379877233451385,feature_importances_,70
GradientBoostingRegressor,lag_3h,0.00019282500948375708,feature_importances_,71
GradientBoostingRegressor,day_of_week_x_business_hour,0.00019000601097279824,feature_importances_,72
GradientBoostingRegressor,ratio_rolling_mean_24h_to_168h,0.00017813079485325708,feature_importances_,73
GradientBoostingRegressor,rolling_std_168h,0.00017539924628331654,feature_importances_,74
GradientBoostingRegressor,rolling_mean_48h,0.00017001491077214253,feature_importances_,75
GradientBoostingRegressor,rolling_q90_168h,0.00016683878551368322,feature_importances_,76
GradientBoostingRegressor,ratio_lag_1h_to_rolling_max_24h,0.00014339436991462625,feature_importances_,77
GradientBoostingRegressor,same_hour_yesterday_minus_last_week,0.0001421155531835921,feature_importances_,78
GradientBoostingRegressor,rolling_mean_12h,0.0001383498429888806,feature_importances_,79
GradientBoostingRegressor,day_of_week,0.0001328350765053471,feature_importances_,80
GradientBoostingRegressor,lag_24h_x_weekend,0.00010934269392477367,feature_importances_,81
GradientBoostingRegressor,recent_peak_24h_count,0.00010325582452575383,feature_importances_,82
GradientBoostingRegressor,month_sin,9.542451398778144e-05,feature_importances_,83
GradientBoostingRegressor,rolling_mean_6h,9.259477109667997e-05,feature_importances_,84
GradientBoostingRegressor,day_of_week_sin,8.89255251531559e-05,feature_importances_,85
GradientBoostingRegressor,day_of_year_sin,6.194293545318324e-05,feature_importances_,86
GradientBoostingRegressor,month_cos,5.778417896917192e-05,feature_importances_,87
GradientBoostingRegressor,missing_hour_rolling_count_24h,5.4818550837365496e-05,feature_importances_,88
GradientBoostingRegressor,is_morning_arrival_period,5.3348673269650105e-05,feature_importances_,89
GradientBoostingRegressor,day_of_year_cos,5.109199198320167e-05,feature_importances_,90
GradientBoostingRegressor,week_of_year,2.4620940334511742e-05,feature_importances_,91
GradientBoostingRegressor,is_night,1.8858652601908153e-05,feature_importances_,92
GradientBoostingRegressor,missing_hour_lag_168h,5.9879639058481755e-06,feature_importances_,93
GradientBoostingRegressor,rolling_q95_168h,4.0814671782312145e-06,feature_importances_,94
GradientBoostingRegressor,rolling_min_168h,0.0,feature_importances_,95
GradientBoostingRegressor,recent_peak_168h_flag,0.0,feature_importances_,96
GradientBoostingRegressor,rolling_min_336h,0.0,feature_importances_,97
GradientBoostingRegressor,rolling_min_24h,0.0,feature_importances_,98
GradientBoostingRegressor,recent_peak_24h_flag,0.0,feature_importances_,99
GradientBoostingRegressor,is_weekend,0.0,feature_importances_,100
GradientBoostingRegressor,is_month_start,0.0,feature_importances_,101
GradientBoostingRegressor,quarter,0.0,feature_importances_,102
GradientBoostingRegressor,missing_hour_lag_24h,0.0,feature_importances_,103
GradientBoostingRegressor,month,0.0,feature_importances_,104
GradientBoostingRegressor,no_previous_peak_flag,0.0,feature_importances_,105
GradientBoostingRegressor,is_month_end,0.0,feature_importances_,106
GradientBoostingRegressor,is_business_hour,0.0,feature_importances_,107
GradientBoostingRegressor,is_evening_departure_period,0.0,feature_importances_,108
GradientBoostingRegressor,is_midday_period,0.0,feature_importances_,109
GradientBoostingRegressor,denom_zero_lag_24h,0.0,feature_importances_,110
GradientBoostingRegressor,denom_zero_rolling_mean_24h,0.0,feature_importances_,111
GradientBoostingRegressor,denom_zero_lag_168h,0.0,feature_importances_,112
GradientBoostingRegressor,denom_zero_rolling_mean_168h,0.0,feature_importances_,113
GradientBoostingRegressor,denom_zero_rolling_max_24h,0.0,feature_importances_,114
XGBRegressor,lag_1h,0.1425931602716446,feature_importances_,1
XGBRegressor,is_evening_departure_period,0.12391195446252823,feature_importances_,2
XGBRegressor,denom_zero_lag_168h,0.05132420361042023,feature_importances_,3
XGBRegressor,missing_hour_lag_168h,0.0387309305369854,feature_importances_,4
XGBRegressor,denom_zero_lag_24h,0.03647478669881821,feature_importances_,5
XGBRegressor,same_hour_2weeks_ago,0.03272728621959686,feature_importances_,6
XGBRegressor,same_hour_last_week_x_business_hour,0.025269052013754845,feature_importances_,7
XGBRegressor,same_hour_last_week,0.02503739297389984,feature_importances_,8
XGBRegressor,day_of_week_cos,0.02453731745481491,feature_importances_,9
XGBRegressor,lag_2h,0.02131068706512451,feature_importances_,10
XGBRegressor,ewm_mean_168h,0.019571714103221893,feature_importances_,11
XGBRegressor,lag_12h,0.019163496792316437,feature_importances_,12
XGBRegressor,lag_24h_normalized_by_train_mean,0.01886734366416931,feature_importances_,13
XGBRegressor,lag_336h,0.017706118524074554,feature_importances_,14
XGBRegressor,hour_sin,0.016628598794341087,feature_importances_,15
XGBRegressor,lag_168h,0.016250349581241608,feature_importances_,16
XGBRegressor,diff_24h,0.015469126403331757,feature_importances_,17
XGBRegressor,rolling_max_168h,0.014834287576377392,feature_importances_,18
XGBRegressor,ramp_rate_24h,0.012695460580289364,feature_importances_,19
XGBRegressor,hour_cos,0.012228263542056084,feature_importances_,20
XGBRegressor,lag_24h,0.011482599191367626,feature_importances_,21
XGBRegressor,ratio_lag_1h_to_rolling_mean_24h,0.011321141384541988,feature_importances_,22
XGBRegressor,day_of_month,0.011313915252685547,feature_importances_,23
XGBRegressor,lag_144h,0.01045673806220293,feature_importances_,24
XGBRegressor,ratio_lag_1h_to_24h,0.010152128525078297,feature_importances_,25
XGBRegressor,rolling_q75_24h,0.009641261771321297,feature_importances_,26
XGBRegressor,rolling_max_24h,0.009626827202737331,feature_importances_,27
XGBRegressor,same_hour_yesterday,0.00915119331330061,feature_importances_,28
XGBRegressor,rolling_mean_72h,0.009125925600528717,feature_importances_,29
XGBRegressor,abs_diff_1h,0.009005439467728138,feature_importances_,30
XGBRegressor,same_hour_yesterday_minus_last_week,0.008655325509607792,feature_importances_,31
XGBRegressor,hour_x_weekend,0.007697275374084711,feature_importances_,32
XGBRegressor,rolling_std_24h,0.007383113726973534,feature_importances_,33
XGBRegressor,day_of_week_sin,0.007293311413377523,feature_importances_,34
XGBRegressor,missing_hour_lag_24h,0.006650393363088369,feature_importances_,35
XGBRegressor,abs_diff_24h,0.006460565607994795,feature_importances_,36
XGBRegressor,same_hour_3days_ago,0.0062292334623634815,feature_importances_,37
XGBRegressor,rolling_mean_336h,0.006148377433419228,feature_importances_,38
XGBRegressor,rolling_mean_24h_x_business_hour,0.005639427807182074,feature_importances_,39
XGBRegressor,rolling_q90_24h,0.005492439493536949,feature_importances_,40
XGBRegressor,hour,0.00517335394397378,feature_importances_,41
XGBRegressor,rolling_mean_3h,0.005116485059261322,feature_importances_,42
XGBRegressor,hours_since_recent_peak_90,0.0049671996384859085,feature_importances_,43
XGBRegressor,was_missing_hour,0.004955312702804804,feature_importances_,44
XGBRegressor,diff_3h,0.004889727104455233,feature_importances_,45
XGBRegressor,rolling_std_168h,0.004820943810045719,feature_importances_,46
XGBRegressor,ratio_rolling_mean_24h_to_168h,0.004704158287495375,feature_importances_,47
XGBRegressor,diff_1h,0.004627138841897249,feature_importances_,48
XGBRegressor,lag_72h,0.004358256235718727,feature_importances_,49
XGBRegressor,site_id_encoded,0.00410253694280982,feature_importances_,50
XGBRegressor,rolling_max_336h,0.004006229341030121,feature_importances_,51
XGBRegressor,rolling_q75_168h,0.0038944303523749113,feature_importances_,52
XGBRegressor,rolling_q95_168h,0.0038471000734716654,feature_importances_,53
XGBRegressor,rolling_mean_12h,0.003626164747402072,feature_importances_,54
XGBRegressor,diff_168h,0.0034317884128540754,feature_importances_,55
XGBRegressor,ewm_mean_24h,0.003321946132928133,feature_importances_,56
XGBRegressor,lag_24h_x_weekend,0.0032917745411396027,feature_importances_,57
XGBRegressor,ramp_rate_1h,0.0032061536330729723,feature_importances_,58
XGBRegressor,lag_120h,0.0031073843128979206,feature_importances_,59
XGBRegressor,lag_48h,0.003048878163099289,feature_importances_,60
XGBRegressor,same_hour_2days_ago,0.003021914977580309,feature_importances_,61
XGBRegressor,rolling_mean_24h,0.002747202990576625,feature_importances_,62
XGBRegressor,lag_3h,0.0027418616227805614,feature_importances_,63
XGBRegressor,lag_96h,0.002679298399016261,feature_importances_,64
XGBRegressor,month_cos,0.002589125419035554,feature_importances_,65
XGBRegressor,day_of_week,0.0024270531721413136,feature_importances_,66
XGBRegressor,rolling_range_24h,0.0023956475779414177,feature_importances_,67
XGBRegressor,lag_1h_normalized_by_train_mean,0.002391994232311845,feature_importances_,68
XGBRegressor,rolling_mean_24h_normalized_by_train_mean,0.002284314250573516,feature_importances_,69
XGBRegressor,missing_hour_lag_1h,0.002274849684908986,feature_importances_,70
XGBRegressor,rolling_mean_168h,0.0022489752154797316,feature_importances_,71
XGBRegressor,recent_peak_168h_count,0.002092701615765691,feature_importances_,72
XGBRegressor,rolling_mean_168h_normalized_by_train_mean,0.0020922536496073008,feature_importances_,73
XGBRegressor,rolling_q90_168h,0.0020838964264839888,feature_importances_,74
XGBRegressor,rolling_mean_48h,0.0018579873722046614,feature_importances_,75
XGBRegressor,rolling_q95_24h,0.0018443394219502807,feature_importances_,76
XGBRegressor,ratio_lag_1h_to_rolling_max_24h,0.0017135360976681113,feature_importances_,77
XGBRegressor,day_of_year_cos,0.0016081045614555478,feature_importances_,78
XGBRegressor,rolling_mean_6h,0.0015761901158839464,feature_importances_,79
XGBRegressor,is_morning_arrival_period,0.0015589953400194645,feature_importances_,80
XGBRegressor,rolling_std_6h,0.0015069985529407859,feature_importances_,81
XGBRegressor,ewm_mean_6h,0.0014803905505686998,feature_importances_,82
XGBRegressor,lag_168h_normalized_by_train_mean,0.0014544822042807937,feature_importances_,83
XGBRegressor,ratio_lag_24h_to_168h,0.0014331960119307041,feature_importances_,84
XGBRegressor,missing_hour_rolling_count_168h,0.0014007925055921078,feature_importances_,85
XGBRegressor,day_of_year_sin,0.0013955706963315606,feature_importances_,86
XGBRegressor,day_of_week_x_business_hour,0.0012367840390652418,feature_importances_,87
XGBRegressor,rolling_range_168h,0.001203170046210289,feature_importances_,88
XGBRegressor,hour_x_business_hour,0.0010606918949633837,feature_importances_,89
XGBRegressor,lag_168h_x_weekend,0.0009249731665477157,feature_importances_,90
XGBRegressor,recent_peak_24h_count,0.0008917915401980281,feature_importances_,91
XGBRegressor,week_of_year,0.0008860500529408455,feature_importances_,92
XGBRegressor,lag_6h,0.0008764861267991364,feature_importances_,93
XGBRegressor,day_of_year,0.0008509914623573422,feature_importances_,94
XGBRegressor,missing_hour_rolling_count_24h,0.0007646005833521485,feature_importances_,95
XGBRegressor,rolling_min_24h,0.000604859262239188,feature_importances_,96
XGBRegressor,month_sin,0.0005685549112968147,feature_importances_,97
XGBRegressor,same_hour_yesterday_ratio_last_week,0.00047421010094694793,feature_importances_,98
XGBRegressor,recent_peak_24h_flag,0.0,feature_importances_,99
XGBRegressor,recent_peak_168h_flag,0.0,feature_importances_,100
XGBRegressor,rolling_min_168h,0.0,feature_importances_,101
XGBRegressor,rolling_min_336h,0.0,feature_importances_,102
XGBRegressor,no_previous_peak_flag,0.0,feature_importances_,103
XGBRegressor,month,0.0,feature_importances_,104
XGBRegressor,is_weekend,0.0,feature_importances_,105
XGBRegressor,quarter,0.0,feature_importances_,106
XGBRegressor,is_month_start,0.0,feature_importances_,107
XGBRegressor,is_night,0.0,feature_importances_,108
XGBRegressor,is_midday_period,0.0,feature_importances_,109
XGBRegressor,is_business_hour,0.0,feature_importances_,110
XGBRegressor,is_month_end,0.0,feature_importances_,111
XGBRegressor,denom_zero_rolling_mean_168h,0.0,feature_importances_,112
XGBRegressor,denom_zero_rolling_max_24h,0.0,feature_importances_,113
XGBRegressor,denom_zero_rolling_mean_24h,0.0,feature_importances_,114
LGBMRegressor,diff_1h,457.0,feature_importances_,1
LGBMRegressor,lag_1h,352.0,feature_importances_,2
LGBMRegressor,ratio_lag_1h_to_24h,333.0,feature_importances_,3
LGBMRegressor,diff_3h,247.0,feature_importances_,4
LGBMRegressor,lag_336h,229.0,feature_importances_,5
LGBMRegressor,rolling_max_168h,215.0,feature_importances_,6
LGBMRegressor,lag_144h,211.0,feature_importances_,7
LGBMRegressor,lag_96h,192.0,feature_importances_,8
LGBMRegressor,diff_24h,189.0,feature_importances_,9
LGBMRegressor,lag_120h,188.0,feature_importances_,10
LGBMRegressor,lag_168h,183.0,feature_importances_,11
LGBMRegressor,lag_72h,168.0,feature_importances_,12
LGBMRegressor,lag_24h,164.0,feature_importances_,13
LGBMRegressor,lag_1h_normalized_by_train_mean,158.0,feature_importances_,14
LGBMRegressor,abs_diff_1h,157.0,feature_importances_,15
LGBMRegressor,diff_168h,155.0,feature_importances_,16
LGBMRegressor,lag_48h,154.0,feature_importances_,17
LGBMRegressor,hour_cos,153.0,feature_importances_,18
LGBMRegressor,abs_diff_24h,151.0,feature_importances_,19
LGBMRegressor,ratio_lag_1h_to_rolling_mean_24h,146.0,feature_importances_,20
LGBMRegressor,rolling_max_336h,139.0,feature_importances_,21
LGBMRegressor,rolling_mean_6h,135.0,feature_importances_,22
LGBMRegressor,rolling_mean_168h_normalized_by_train_mean,126.0,feature_importances_,23
LGBMRegressor,rolling_std_6h,124.0,feature_importances_,24
LGBMRegressor,lag_12h,123.0,feature_importances_,25
LGBMRegressor,ratio_rolling_mean_24h_to_168h,122.0,feature_importances_,26
LGBMRegressor,same_hour_yesterday_minus_last_week,120.0,feature_importances_,27
LGBMRegressor,rolling_std_168h,118.0,feature_importances_,28
LGBMRegressor,hour,117.0,feature_importances_,29
LGBMRegressor,hour_sin,115.0,feature_importances_,30
LGBMRegressor,lag_168h_normalized_by_train_mean,114.0,feature_importances_,31
LGBMRegressor,rolling_mean_3h,113.0,feature_importances_,32
LGBMRegressor,site_id_encoded,111.0,feature_importances_,33
LGBMRegressor,lag_2h,98.0,feature_importances_,34
LGBMRegressor,rolling_max_24h,95.0,feature_importances_,35
LGBMRegressor,ratio_lag_1h_to_rolling_max_24h,95.0,feature_importances_,36
LGBMRegressor,rolling_mean_12h,93.0,feature_importances_,37
LGBMRegressor,rolling_q95_24h,91.0,feature_importances_,38
LGBMRegressor,was_missing_hour,90.0,feature_importances_,39
LGBMRegressor,lag_6h,88.0,feature_importances_,40
LGBMRegressor,rolling_mean_24h_normalized_by_train_mean,83.0,feature_importances_,41
LGBMRegressor,rolling_q75_24h,82.0,feature_importances_,42
LGBMRegressor,lag_3h,82.0,feature_importances_,43
LGBMRegressor,ewm_mean_6h,81.0,feature_importances_,44
LGBMRegressor,same_hour_last_week_x_business_hour,79.0,feature_importances_,45
LGBMRegressor,rolling_mean_72h,79.0,feature_importances_,46
LGBMRegressor,day_of_year,77.0,feature_importances_,47
LGBMRegressor,hour_x_weekend,77.0,feature_importances_,48
LGBMRegressor,recent_peak_168h_count,72.0,feature_importances_,49
LGBMRegressor,ratio_lag_24h_to_168h,71.0,feature_importances_,50
LGBMRegressor,lag_24h_normalized_by_train_mean,71.0,feature_importances_,51
LGBMRegressor,rolling_mean_24h,69.0,feature_importances_,52
LGBMRegressor,lag_24h_x_weekend,68.0,feature_importances_,53
LGBMRegressor,day_of_year_cos,68.0,feature_importances_,54
LGBMRegressor,day_of_month,65.0,feature_importances_,55
LGBMRegressor,rolling_mean_48h,63.0,feature_importances_,56
LGBMRegressor,rolling_q90_24h,63.0,feature_importances_,57
LGBMRegressor,ewm_mean_24h,63.0,feature_importances_,58
LGBMRegressor,rolling_mean_168h,62.0,feature_importances_,59
LGBMRegressor,rolling_q95_168h,62.0,feature_importances_,60
LGBMRegressor,ramp_rate_1h,58.0,feature_importances_,61
LGBMRegressor,day_of_week,57.0,feature_importances_,62
LGBMRegressor,rolling_std_24h,54.0,feature_importances_,63
LGBMRegressor,rolling_mean_336h,54.0,feature_importances_,64
LGBMRegressor,rolling_q90_168h,51.0,feature_importances_,65
LGBMRegressor,rolling_range_24h,50.0,feature_importances_,66
LGBMRegressor,lag_168h_x_weekend,49.0,feature_importances_,67
LGBMRegressor,rolling_range_168h,47.0,feature_importances_,68
LGBMRegressor,rolling_q75_168h,47.0,feature_importances_,69
LGBMRegressor,ramp_rate_24h,44.0,feature_importances_,70
LGBMRegressor,rolling_mean_24h_x_business_hour,43.0,feature_importances_,71
LGBMRegressor,same_hour_2weeks_ago,42.0,feature_importances_,72
LGBMRegressor,day_of_week_cos,40.0,feature_importances_,73
LGBMRegressor,hour_x_business_hour,39.0,feature_importances_,74
LGBMRegressor,ewm_mean_168h,39.0,feature_importances_,75
LGBMRegressor,same_hour_2days_ago,39.0,feature_importances_,76
LGBMRegressor,same_hour_3days_ago,36.0,feature_importances_,77
LGBMRegressor,day_of_year_sin,34.0,feature_importances_,78
LGBMRegressor,same_hour_last_week,31.0,feature_importances_,79
LGBMRegressor,missing_hour_rolling_count_168h,29.0,feature_importances_,80
LGBMRegressor,day_of_week_sin,26.0,feature_importances_,81
LGBMRegressor,day_of_week_x_business_hour,26.0,feature_importances_,82
LGBMRegressor,recent_peak_24h_count,25.0,feature_importances_,83
LGBMRegressor,hours_since_recent_peak_90,25.0,feature_importances_,84
LGBMRegressor,same_hour_yesterday,23.0,feature_importances_,85
LGBMRegressor,missing_hour_lag_1h,22.0,feature_importances_,86
LGBMRegressor,is_morning_arrival_period,16.0,feature_importances_,87
LGBMRegressor,same_hour_yesterday_ratio_last_week,15.0,feature_importances_,88
LGBMRegressor,missing_hour_rolling_count_24h,14.0,feature_importances_,89
LGBMRegressor,missing_hour_lag_168h,11.0,feature_importances_,90
LGBMRegressor,is_night,11.0,feature_importances_,91
LGBMRegressor,month_cos,9.0,feature_importances_,92
LGBMRegressor,rolling_min_24h,6.0,feature_importances_,93
LGBMRegressor,week_of_year,6.0,feature_importances_,94
LGBMRegressor,month_sin,4.0,feature_importances_,95
LGBMRegressor,month,3.0,feature_importances_,96
LGBMRegressor,is_evening_departure_period,3.0,feature_importances_,97
LGBMRegressor,is_business_hour,2.0,feature_importances_,98
LGBMRegressor,missing_hour_lag_24h,2.0,feature_importances_,99
LGBMRegressor,denom_zero_lag_168h,1.0,feature_importances_,100
LGBMRegressor,denom_zero_lag_24h,1.0,feature_importances_,101
LGBMRegressor,rolling_min_336h,0.0,feature_importances_,102
LGBMRegressor,recent_peak_24h_flag,0.0,feature_importances_,103
LGBMRegressor,recent_peak_168h_flag,0.0,feature_importances_,104
LGBMRegressor,rolling_min_168h,0.0,feature_importances_,105
LGBMRegressor,quarter,0.0,feature_importances_,106
LGBMRegressor,is_month_start,0.0,feature_importances_,107
LGBMRegressor,is_weekend,0.0,feature_importances_,108
LGBMRegressor,no_previous_peak_flag,0.0,feature_importances_,109
LGBMRegressor,is_midday_period,0.0,feature_importances_,110
LGBMRegressor,is_month_end,0.0,feature_importances_,111
LGBMRegressor,denom_zero_rolling_mean_168h,0.0,feature_importances_,112
LGBMRegressor,denom_zero_rolling_max_24h,0.0,feature_importances_,113
LGBMRegressor,denom_zero_rolling_mean_24h,0.0,feature_importances_,114
CatBoostRegressor,lag_1h,29.72392981785089,feature_importances_,1
CatBoostRegressor,lag_336h,3.9866832210066425,feature_importances_,2
CatBoostRegressor,same_hour_last_week_x_business_hour,3.6743722408612896,feature_importances_,3
CatBoostRegressor,lag_168h,3.529191375945831,feature_importances_,4
CatBoostRegressor,ratio_lag_1h_to_24h,2.5368131544297117,feature_importances_,5
CatBoostRegressor,rolling_mean_3h,2.513316145249831,feature_importances_,6
CatBoostRegressor,ramp_rate_1h,2.396028751307912,feature_importances_,7
CatBoostRegressor,same_hour_2weeks_ago,2.065549940270158,feature_importances_,8
CatBoostRegressor,ratio_lag_1h_to_rolling_mean_24h,2.055952048156151,feature_importances_,9
CatBoostRegressor,diff_1h,2.0488879553202763,feature_importances_,10
CatBoostRegressor,rolling_q75_24h,1.9725367573964196,feature_importances_,11
CatBoostRegressor,lag_144h,1.9697132900210064,feature_importances_,12
CatBoostRegressor,diff_3h,1.9349375019587294,feature_importances_,13
CatBoostRegressor,lag_96h,1.763687232278703,feature_importances_,14
CatBoostRegressor,diff_24h,1.6401573815783315,feature_importances_,15
CatBoostRegressor,same_hour_yesterday,1.6180723327567499,feature_importances_,16
CatBoostRegressor,lag_120h,1.493289958087276,feature_importances_,17
CatBoostRegressor,same_hour_last_week,1.4914298249260256,feature_importances_,18
CatBoostRegressor,hour_cos,1.36545737062256,feature_importances_,19
CatBoostRegressor,site_id_encoded,1.3168891703498085,feature_importances_,20
CatBoostRegressor,lag_1h_normalized_by_train_mean,1.2800194731884846,feature_importances_,21
CatBoostRegressor,lag_24h,1.2136183307473036,feature_importances_,22
CatBoostRegressor,was_missing_hour,1.2091746393547433,feature_importances_,23
CatBoostRegressor,ramp_rate_24h,1.192752464663139,feature_importances_,24
CatBoostRegressor,lag_48h,1.1216994529488276,feature_importances_,25
CatBoostRegressor,rolling_max_168h,1.0671953030329562,feature_importances_,26
CatBoostRegressor,lag_2h,1.0396414814230186,feature_importances_,27
CatBoostRegressor,hour_x_weekend,0.9961442489014758,feature_importances_,28
CatBoostRegressor,hour_sin,0.97014081799539,feature_importances_,29
CatBoostRegressor,rolling_max_336h,0.9268078737161911,feature_importances_,30
CatBoostRegressor,same_hour_2days_ago,0.9204656557342747,feature_importances_,31
CatBoostRegressor,same_hour_yesterday_minus_last_week,0.847793356684403,feature_importances_,32
CatBoostRegressor,hour_x_business_hour,0.67297985049559,feature_importances_,33
CatBoostRegressor,rolling_mean_72h,0.6704983865570836,feature_importances_,34
CatBoostRegressor,abs_diff_1h,0.6235732448375182,feature_importances_,35
CatBoostRegressor,same_hour_3days_ago,0.6093929952561961,feature_importances_,36
CatBoostRegressor,recent_peak_168h_count,0.606866449849804,feature_importances_,37
CatBoostRegressor,rolling_range_24h,0.6054512872307385,feature_importances_,38
CatBoostRegressor,lag_12h,0.5807327383259773,feature_importances_,39
CatBoostRegressor,hour,0.5762406884949687,feature_importances_,40
CatBoostRegressor,rolling_q95_24h,0.5658510567606277,feature_importances_,41
CatBoostRegressor,lag_72h,0.5360397054859669,feature_importances_,42
CatBoostRegressor,ratio_lag_24h_to_168h,0.5144050969544152,feature_importances_,43
CatBoostRegressor,rolling_q90_168h,0.45950601697555815,feature_importances_,44
CatBoostRegressor,rolling_q95_168h,0.451834804263867,feature_importances_,45
CatBoostRegressor,rolling_std_6h,0.43375634659432205,feature_importances_,46
CatBoostRegressor,rolling_std_168h,0.399651547763066,feature_importances_,47
CatBoostRegressor,rolling_range_168h,0.3848325313081881,feature_importances_,48
CatBoostRegressor,rolling_mean_168h_normalized_by_train_mean,0.3769475108375409,feature_importances_,49
CatBoostRegressor,missing_hour_lag_168h,0.36773716870834844,feature_importances_,50
CatBoostRegressor,rolling_max_24h,0.346876337387894,feature_importances_,51
CatBoostRegressor,ewm_mean_168h,0.3364062759909715,feature_importances_,52
CatBoostRegressor,lag_3h,0.3186741822563879,feature_importances_,53
CatBoostRegressor,rolling_mean_336h,0.30738038542741253,feature_importances_,54
CatBoostRegressor,ratio_rolling_mean_24h_to_168h,0.2860772053353302,feature_importances_,55
CatBoostRegressor,lag_24h_normalized_by_train_mean,0.27615897240480736,feature_importances_,56
CatBoostRegressor,rolling_mean_48h,0.26079537306291856,feature_importances_,57
CatBoostRegressor,day_of_week_x_business_hour,0.24017763828999458,feature_importances_,58
CatBoostRegressor,missing_hour_lag_1h,0.23711223023156663,feature_importances_,59
CatBoostRegressor,week_of_year,0.20729018537826838,feature_importances_,60
CatBoostRegressor,ratio_lag_1h_to_rolling_max_24h,0.20535729156554874,feature_importances_,61
CatBoostRegressor,abs_diff_24h,0.20435851598824456,feature_importances_,62
CatBoostRegressor,lag_24h_x_weekend,0.2037830797223295,feature_importances_,63
CatBoostRegressor,rolling_mean_12h,0.19356509667768404,feature_importances_,64
CatBoostRegressor,rolling_q75_168h,0.18404578394938756,feature_importances_,65
CatBoostRegressor,diff_168h,0.17927499399047117,feature_importances_,66
CatBoostRegressor,ewm_mean_6h,0.17009634223885506,feature_importances_,67
CatBoostRegressor,rolling_mean_6h,0.16651097545836935,feature_importances_,68
CatBoostRegressor,rolling_mean_168h,0.16247428042090237,feature_importances_,69
CatBoostRegressor,rolling_mean_24h,0.16203890375755858,feature_importances_,70
CatBoostRegressor,day_of_year_cos,0.15519269793887666,feature_importances_,71
CatBoostRegressor,hours_since_recent_peak_90,0.14533007991339272,feature_importances_,72
CatBoostRegressor,day_of_month,0.1357500101101528,feature_importances_,73
CatBoostRegressor,lag_168h_x_weekend,0.1308212295689453,feature_importances_,74
CatBoostRegressor,lag_168h_normalized_by_train_mean,0.12232580952918287,feature_importances_,75
CatBoostRegressor,rolling_std_24h,0.12140301953787559,feature_importances_,76
CatBoostRegressor,rolling_mean_24h_x_business_hour,0.1173076916907375,feature_importances_,77
CatBoostRegressor,is_evening_departure_period,0.11629669858028341,feature_importances_,78
CatBoostRegressor,same_hour_yesterday_ratio_last_week,0.09947116265399902,feature_importances_,79
CatBoostRegressor,day_of_week_sin,0.09182717200513311,feature_importances_,80
CatBoostRegressor,lag_6h,0.09175521705098814,feature_importances_,81
CatBoostRegressor,rolling_mean_24h_normalized_by_train_mean,0.0893879974291116,feature_importances_,82
CatBoostRegressor,month_sin,0.07788766004625888,feature_importances_,83
CatBoostRegressor,ewm_mean_24h,0.07675961627141817,feature_importances_,84
CatBoostRegressor,day_of_week,0.07510704417157081,feature_importances_,85
CatBoostRegressor,month_cos,0.06943067356248765,feature_importances_,86
CatBoostRegressor,day_of_year_sin,0.06276872902342724,feature_importances_,87
CatBoostRegressor,day_of_week_cos,0.061609918212709495,feature_importances_,88
CatBoostRegressor,day_of_year,0.05666730436397715,feature_importances_,89
CatBoostRegressor,month,0.048992990629759245,feature_importances_,90
CatBoostRegressor,recent_peak_24h_count,0.02572529093199457,feature_importances_,91
CatBoostRegressor,is_morning_arrival_period,0.023066035324741628,feature_importances_,92
CatBoostRegressor,missing_hour_rolling_count_168h,0.018934690636060993,feature_importances_,93
CatBoostRegressor,rolling_q90_24h,0.01317698841652884,feature_importances_,94
CatBoostRegressor,is_midday_period,0.004658270856841824,feature_importances_,95
CatBoostRegressor,is_month_start,0.0012459565443295878,feature_importances_,96
CatBoostRegressor,rolling_min_168h,0.0,feature_importances_,97
CatBoostRegressor,rolling_min_24h,0.0,feature_importances_,98
CatBoostRegressor,recent_peak_24h_flag,0.0,feature_importances_,99
CatBoostRegressor,recent_peak_168h_flag,0.0,feature_importances_,100
CatBoostRegressor,rolling_min_336h,0.0,feature_importances_,101
CatBoostRegressor,is_night,0.0,feature_importances_,102
CatBoostRegressor,missing_hour_lag_24h,0.0,feature_importances_,103
CatBoostRegressor,missing_hour_rolling_count_24h,0.0,feature_importances_,104
CatBoostRegressor,no_previous_peak_flag,0.0,feature_importances_,105
CatBoostRegressor,quarter,0.0,feature_importances_,106
CatBoostRegressor,is_weekend,0.0,feature_importances_,107
CatBoostRegressor,is_month_end,0.0,feature_importances_,108
CatBoostRegressor,is_business_hour,0.0,feature_importances_,109
CatBoostRegressor,denom_zero_lag_24h,0.0,feature_importances_,110
CatBoostRegressor,denom_zero_rolling_mean_24h,0.0,feature_importances_,111
CatBoostRegressor,denom_zero_lag_168h,0.0,feature_importances_,112
CatBoostRegressor,denom_zero_rolling_mean_168h,0.0,feature_importances_,113
CatBoostRegressor,denom_zero_rolling_max_24h,0.0,feature_importances_,114
