feature,gain,group
lag_1h,193802667.50538576,Lag-memory
target_load_kw_normalized_by_train_mean,170153829.03339648,Metadata
site_id_encoded,16399657.395500422,Metadata
rolling_max_336h,11035840.754304409,Rolling-memory
site_total_rows,4374228.657294631,Metadata
is_high_peak_hour,3333504.058848858,Peak-risk
recent_peak_168h_count,1569333.3167158365,Peak-risk
row_number_by_site,1374022.0762617588,Metadata
is_peak_hour,1119379.5283799171,Peak-risk
ratio_lag_1h_to_24h,1111555.6008841991,Lag-memory
lag_336h,1100902.9373822212,Lag-memory
peak_threshold_90_train_kw,1020023.6138591766,Peak-risk
day_of_year_sin,925491.9055144787,Calendar
lag_24h,840446.679819107,Lag-memory
rolling_max_168h,783205.6813793182,Rolling-memory
rolling_mean_168h_normalized_by_train_mean,757966.4942358732,Metadata
same_hour_yesterday_minus_last_week,756666.9380124807,Lag-memory
abs_diff_1h,720915.7963914871,Lag-memory
lag_1h_normalized_by_train_mean,628323.9743921757,Metadata
rolling_q75_24h,567306.6150069237,Rolling-memory
rolling_q90_24h,501881.31126379967,Rolling-memory
rolling_std_24h,487455.8127400875,Rolling-memory
rolling_mean_24h_normalized_by_train_mean,452845.0867958069,Metadata
day_of_year_cos,407451.1854085922,Calendar
lag_168h,385283.0114021301,Lag-memory
day_of_week_cos,362451.52393102646,Calendar
lag_72h,305017.09384799004,Lag-memory
lag_2h,272905.16226029396,Lag-memory
missing_hour_lag_168h,268743.0980503559,Calendar
rolling_max_24h,251141.2254178524,Rolling-memory
same_hour_last_week_x_business_hour,249271.6323902607,Lag-memory
lag_168h_normalized_by_train_mean,245411.82718110085,Metadata
rolling_mean_48h,213323.8163819313,Rolling-memory
ratio_lag_1h_to_rolling_max_24h,191317.72415089607,Lag-memory
ewm_mean_6h,190339.38532686234,EWM-memory
ewm_mean_168h,159796.0453031063,EWM-memory
lag_24h_normalized_by_train_mean,157202.34267616272,Metadata
lag_120h,153524.242739439,Lag-memory
day_of_year,149222.99668216705,Calendar
lag_144h,144428.4229030609,Lag-memory
day_of_week,143993.0901787281,Calendar
rolling_std_168h,139644.17880916595,Rolling-memory
lag_3h,139030.46770954132,Lag-memory
rolling_q75_168h,134265.15014076233,Rolling-memory
lag_12h,124226.61566615105,Lag-memory
rolling_q90_168h,121328.96781420708,Rolling-memory
rolling_range_24h,121279.99147033691,Rolling-memory
rolling_std_6h,111257.13630270958,Rolling-memory
ratio_lag_1h_to_rolling_mean_24h,105208.99803948402,Lag-memory
hour,97197.987606287,Calendar
missing_hour_rolling_count_168h,88183.53671240807,Rolling-memory
abs_diff_24h,82619.06855249405,Lag-memory
diff_24h,81221.21871459484,Lag-memory
rolling_mean_336h,80892.36115670204,Rolling-memory
lag_48h,74846.67925953865,Lag-memory
lag_96h,61598.21356964111,Lag-memory
diff_3h,56969.375901699066,Lag-memory
day_of_month,56285.59383606911,Calendar
rolling_mean_24h,53681.70034432411,Rolling-memory
hour_cos,52044.17179965973,Calendar
rolling_mean_6h,49860.89590263367,Rolling-memory
hours_since_recent_peak_90,49009.6135764122,Peak-risk
ewm_mean_24h,37174.3604323864,EWM-memory
rolling_mean_168h,36328.667133808136,Rolling-memory
month_cos,30301.483647108078,Calendar
missing_hour_lag_24h,29680.020080566406,Calendar
week_of_year,27850.866941452026,Calendar
hour_x_weekend,25217.95806145668,Interaction
rolling_q95_168h,23112.344962596893,Rolling-memory
missing_hour_rolling_count_24h,22649.41498565674,Rolling-memory
lag_6h,14424.432078361511,Lag-memory
ratio_rolling_mean_24h_to_168h,14200.735827207565,Rolling-memory
diff_1h,13826.758423805237,Lag-memory
rolling_mean_3h,13228.564489722252,Rolling-memory
diff_168h,13071.12093424797,Lag-memory
rolling_mean_12h,8869.975327968597,Rolling-memory
rolling_q95_24h,5715.699424505234,Rolling-memory
ratio_lag_24h_to_168h,3885.658666372299,Lag-memory
rolling_mean_72h,2866.019134283066,Rolling-memory
train_max_load_kw,2319.012555837631,Metadata
rolling_mean_24h_x_business_hour,1690.5306024551392,Rolling-memory
hour_sin,1111.6089370250702,Calendar
lag_168h_x_weekend,1087.3240767717361,Lag-memory
denom_zero_lag_168h,1075.8338708877563,Other
day_of_week_sin,297.7909927368164,Calendar
train_std_load_kw,280.7331805229187,Metadata
month_sin,263.2571768760681,Calendar
recent_peak_24h_count,188.59070253372192,Peak-risk
lag_24h_x_weekend,166.08701920509338,Lag-memory
day_of_week_x_business_hour,159.4178981781006,Interaction
hour_x_business_hour,69.91415047645569,Interaction
rolling_min_24h,57.764140129089355,Rolling-memory
denom_zero_lag_24h,0.0,Other
missing_hour_lag_1h,0.0,Calendar
is_morning_arrival_period,0.0,Other
is_month_start,0.0,Calendar
is_month_end,0.0,Calendar
is_midday_period,0.0,Calendar
is_evening_departure_period,0.0,Other
is_business_hour,0.0,Calendar
is_weekend,0.0,Calendar
is_night,0.0,Other
denom_zero_rolling_max_24h,0.0,Rolling-memory
denom_zero_rolling_mean_168h,0.0,Rolling-memory
denom_zero_rolling_mean_24h,0.0,Rolling-memory
month,0.0,Calendar
ramp_rate_1h,0.0,Other
recent_peak_168h_flag,0.0,Peak-risk
recent_peak_24h_flag,0.0,Peak-risk
rolling_min_168h,0.0,Rolling-memory
ramp_rate_24h,0.0,Other
quarter,0.0,Calendar
no_previous_peak_flag,0.0,Peak-risk
rolling_min_336h,0.0,Rolling-memory
rolling_range_168h,0.0,Rolling-memory
same_hour_2weeks_ago,0.0,Lag-memory
same_hour_2days_ago,0.0,Lag-memory
same_hour_last_week,0.0,Lag-memory
same_hour_3days_ago,0.0,Lag-memory
same_hour_yesterday,0.0,Lag-memory
same_hour_yesterday_ratio_last_week,0.0,Lag-memory
was_missing_hour,0.0,Calendar
peak_threshold_95_train_kw,0.0,Peak-risk
peak_sample_weight,0.0,Other
train_mean_load_kw,0.0,Metadata
